"ID_ins","iter","kappa","var","meanImp","medianImp","minImp","maxImp","normHits"
"17H02646",1,0.5,"carrbbe.12",8.04216189120645,8.74268664837694,1.48551116153491,12.545992121476,0.739583333333333
"17H02646",1,0.5,"dccarbe.7",8.34765124307792,8.80109579139474,1.1813714984455,14.9712627790719,0.78125
"17H02646",1,0.5,"nedufbe.2",6.96252764744143,7.8267423999636,-0.555667948800743,10.1951985113083,0.708333333333333
"17H02646",1,0.5,"nedugbe.2",6.91797066668733,7.60085839000769,1.17181878809336,9.79999229515969,0.708333333333333
"17H02646",1,0.5,"soceabe.2",11.6441106879435,13.1311513838625,1.45868775890331,15.9021603364075,0.875
"17H02646",1,0.5,"tmucbbe.3",11.6296176557722,12.5364233410576,2.4730822123801,18.2366196927539,0.947916666666667
"17H02646",2,0.6,"amabbbe.4",9.12559076964929,9.74948826150522,-1.02879188637376,16.0842108586487,0.777777777777778
"17H02646",2,0.6,"cdudhbe.1",6.96693145285759,7.2758717321281,-0.818114133491271,13.1122352677786,0.717171717171717
"17H02646",3,NA,NA,NA,NA,NA,NA,NA
"17H02646",4,NA,NA,NA,NA,NA,NA,NA
"17H02646",5,NA,NA,NA,NA,NA,NA,NA
"17H02646",6,NA,NA,NA,NA,NA,NA,NA
"17H02646",7,NA,NA,NA,NA,NA,NA,NA
"17H02646",8,NA,NA,NA,NA,NA,NA,NA
"17H02646",9,0.3,"binfbbe.4",8.34822875719826,8.66850319331764,0.316540369153461,16.2804393408495,0.717171717171717
